{
   "T4": [
      0.0,
      1
   ],
   "T1": [
      0.3141592653589793,
      1
   ],
   "T8": [
      0.6283185307179586,
      1
   ],
   "T14": [
      0.9424777960769379,
      1
   ],
   "T9": [
      1.2566370614359172,
      1
   ],
   "T11": [
      1.5707963267948966,
      1
   ],
   "T15": [
      1.8849555921538759,
      1
   ],
   "T18": [
      2.5132741228718345,
      1
   ],
   "T19": [
      2.199114857512855,
      1
   ],
   "T12": [
      2.827433388230814,
      1
   ],
   "T20": [
      3.4557519189487724,
      1
   ],
   "T3": [
      3.141592653589793,
      1
   ],
   "T16": [
      4.084070449666731,
      1
   ],
   "T6": [
      4.39822971502571,
      1
   ],
   "T5": [
      3.7699111843077517,
      1
   ],
   "T13": [
      5.026548245743669,
      1
   ],
   "T7": [
      5.340707511102648,
      1
   ],
   "T2": [
      5.654866776461628,
      1
   ],
   "T17": [
      5.969026041820607,
      1
   ],
   "T10": [
      4.71238898038469,
      1
   ],
   "root": [
      0,
      0.0
   ],
   "root_1": [
      0,
      0.005
   ],
   "root_2": [
      0.6283185307179586,
      0.005
   ],
   "root_2_1": [
      0.9424777960769379,
      0.01
   ],
   "root_2_1_1": [
      0.9424777960769379,
      0.015
   ],
   "root_2_1_1_1": [
      0.9424777960769379,
      0.02
   ],
   "root_2_1_1_1_1": [
      0.9424777960769379,
      0.025
   ],
   "root_2_1_1_1_2": [
      1.5707963267948966,
      0.025
   ],
   "root_2_1_1_2": [
      2.199114857512855,
      0.02
   ],
   "root_2_1_2": [
      2.827433388230814,
      0.015
   ],
   "root_2_1_2_1": [
      2.827433388230814,
      0.02
   ],
   "root_2_1_2_1_1": [
      2.827433388230814,
      0.025
   ],
   "root_2_1_2_1_1_1": [
      3.141592653589793,
      0.03
   ],
   "root_2_1_2_1_2": [
      3.7699111843077517,
      0.025
   ],
   "root_2_1_2_1_2_1": [
      4.084070449666731,
      0.03
   ],
   "root_2_1_2_2": [
      4.71238898038469,
      0.02
   ],
   "root_2_1_2_2_1": [
      5.026548245743669,
      0.025
   ],
   "root_2_1_2_2_1_1": [
      5.026548245743669,
      0.03
   ],
   "root_2_1_2_2_1_2": [
      5.654866776461628,
      0.03
   ]
}