{
   "T4": [
      1.0,
      0.0
   ],
   "T1": [
      0.9510565162951535,
      0.3090169943749474
   ],
   "T8": [
      0.6603167082440802,
      -0.7509872467716762
   ],
   "T14": [
      0.5877852522924731,
      0.8090169943749475
   ],
   "T9": [
      0.30901699437494745,
      0.9510565162951535
   ],
   "T11": [
      6.123233995736766e-17,
      1.0
   ],
   "T15": [
      -0.30901699437494734,
      0.9510565162951536
   ],
   "T18": [
      -0.587785252292473,
      0.8090169943749475
   ],
   "T19": [
      -0.8090169943749473,
      0.5877852522924732
   ],
   "T12": [
      -0.8293098328631502,
      -0.5587890488516163
   ],
   "T20": [
      -1.0,
      1.2246467991473532e-16
   ],
   "T3": [
      -0.9510565162951536,
      -0.3090169943749473
   ],
   "T16": [
      -0.8090169943749475,
      -0.587785252292473
   ],
   "T6": [
      -0.5877852522924732,
      -0.8090169943749473
   ],
   "T5": [
      -0.9672505882738824,
      0.25382336276203626
   ],
   "T13": [
      -1.8369701987210297e-16,
      -1.0
   ],
   "T7": [
      0.30901699437494723,
      -0.9510565162951536
   ],
   "T2": [
      0.5877852522924729,
      -0.8090169943749476
   ],
   "T17": [
      0.8090169943749473,
      -0.5877852522924734
   ],
   "T10": [
      -0.9672505882738824,
      0.25382336276203626
   ],
   "root": [
      0.0,
      0.0
   ],
   "root_1": [
      0.005,
      0.0
   ],
   "root_2": [
      0.003301583541220401,
      -0.003754936233858381
   ],
   "root_2_1": [
      -0.0012796368962740467,
      -0.009917788534431158
   ],
   "root_2_1_1": [
      -0.00191945534441107,
      -0.014876682801646736
   ],
   "root_2_1_1_1": [
      -0.0025592737925480935,
      -0.019835577068862315
   ],
   "root_2_1_1_1_1": [
      -0.003199092240685117,
      -0.024794471336077897
   ],
   "root_2_1_1_1_2": [
      -0.020732745821578757,
      -0.013969726221290408
   ],
   "root_2_1_1_2": [
      -0.016586196657263005,
      -0.011175780977032326
   ],
   "root_2_1_2": [
      -0.012439647492947252,
      -0.008381835732774245
   ],
   "root_2_1_2_1": [
      -0.016586196657263005,
      -0.011175780977032326
   ],
   "root_2_1_2_1_1": [
      -0.020732745821578757,
      -0.013969726221290408
   ],
   "root_2_1_2_1_1_1": [
      -0.029017517648216473,
      0.0076147008828610875
   ],
   "root_2_1_2_1_2": [
      -0.02418126470684706,
      0.006345584069050907
   ],
   "root_2_1_2_1_2_1": [
      -0.013442208483875104,
      0.026819899908016736
   ],
   "root_2_1_2_2": [
      -0.01934501176547765,
      0.0050764672552407256
   ],
   "root_2_1_2_2_1": [
      -0.011201840403229253,
      0.02234991659001395
   ],
   "root_2_1_2_2_1_1": [
      -0.013442208483875104,
      0.026819899908016736
   ],
   "root_2_1_2_2_1_2": [
      0.011265287933010362,
      0.027804555162533547
   ]
}