{
   "T4": [
      1.0,
      0.0
   ],
   "T1": [
      0.9510565162951535,
      0.3090169943749474
   ],
   "T8": [
      0.8090169943749475,
      0.5877852522924731
   ],
   "T14": [
      0.5877852522924731,
      0.8090169943749475
   ],
   "T9": [
      0.30901699437494745,
      0.9510565162951535
   ],
   "T11": [
      6.123233995736766e-17,
      1.0
   ],
   "T15": [
      -0.30901699437494734,
      0.9510565162951536
   ],
   "T18": [
      -0.8090169943749473,
      0.5877852522924732
   ],
   "T19": [
      -0.587785252292473,
      0.8090169943749475
   ],
   "T12": [
      -0.9510565162951535,
      0.3090169943749475
   ],
   "T20": [
      -0.9510565162951536,
      -0.3090169943749473
   ],
   "T3": [
      -1.0,
      1.2246467991473532e-16
   ],
   "T16": [
      -0.5877852522924732,
      -0.8090169943749473
   ],
   "T6": [
      -0.30901699437494756,
      -0.9510565162951535
   ],
   "T5": [
      -0.8090169943749475,
      -0.587785252292473
   ],
   "T13": [
      0.30901699437494723,
      -0.9510565162951536
   ],
   "T7": [
      0.5877852522924729,
      -0.8090169943749476
   ],
   "T2": [
      0.8090169943749473,
      -0.5877852522924734
   ],
   "T17": [
      0.9510565162951535,
      -0.3090169943749477
   ],
   "T10": [
      -1.8369701987210297e-16,
      -1.0
   ],
   "root": [
      0.0,
      0.0
   ],
   "root_1": [
      0.005,
      0.0
   ],
   "root_2": [
      0.004045084971874737,
      0.0029389262614623658
   ],
   "root_2_1": [
      0.0058778525229247315,
      0.008090169943749474
   ],
   "root_2_1_1": [
      0.008816778784387096,
      0.012135254915624212
   ],
   "root_2_1_1_1": [
      0.011755705045849463,
      0.016180339887498948
   ],
   "root_2_1_1_1_1": [
      0.014694631307311828,
      0.02022542485937369
   ],
   "root_2_1_1_1_2": [
      1.5308084989341916e-18,
      0.025
   ],
   "root_2_1_1_2": [
      -0.011755705045849461,
      0.016180339887498948
   ],
   "root_2_1_2": [
      -0.014265847744427303,
      0.004635254915624213
   ],
   "root_2_1_2_1": [
      -0.019021130325903073,
      0.00618033988749895
   ],
   "root_2_1_2_1_1": [
      -0.02377641290737884,
      0.007725424859373688
   ],
   "root_2_1_2_1_1_1": [
      -0.03,
      3.673940397442059e-18
   ],
   "root_2_1_2_1_2": [
      -0.02022542485937369,
      -0.014694631307311827
   ],
   "root_2_1_2_1_2_1": [
      -0.017633557568774196,
      -0.02427050983124842
   ],
   "root_2_1_2_2": [
      -3.673940397442059e-18,
      -0.02
   ],
   "root_2_1_2_2_1": [
      0.007725424859373681,
      -0.023776412907378842
   ],
   "root_2_1_2_2_1_1": [
      0.009270509831248417,
      -0.02853169548885461
   ],
   "root_2_1_2_2_1_2": [
      0.02427050983124842,
      -0.0176335575687742
   ]
}