{
   "T4": [
      1.0,
      0.0
   ],
   "T1": [
      0.6603167082440802,
      -0.7509872467716762
   ],
   "T8": [
      1.0,
      0.0
   ],
   "T14": [
      -0.12796368962740468,
      -0.9917788534431158
   ],
   "T9": [
      0.6603167082440802,
      -0.7509872467716762
   ],
   "T11": [
      -0.12796368962740468,
      -0.9917788534431158
   ],
   "T15": [
      0.6603167082440802,
      -0.7509872467716762
   ],
   "T18": [
      0.6603167082440802,
      -0.7509872467716762
   ],
   "T19": [
      -0.12796368962740468,
      -0.9917788534431158
   ],
   "T12": [
      -0.12796368962740468,
      -0.9917788534431158
   ],
   "T20": [
      -0.12796368962740468,
      -0.9917788534431158
   ],
   "T3": [
      -0.8293098328631502,
      -0.5587890488516163
   ],
   "T16": [
      -0.9672505882738824,
      0.25382336276203626
   ],
   "T6": [
      -0.8293098328631502,
      -0.5587890488516163
   ],
   "T5": [
      -0.12796368962740468,
      -0.9917788534431158
   ],
   "T13": [
      -0.8293098328631502,
      -0.5587890488516163
   ],
   "T7": [
      -0.9672505882738824,
      0.25382336276203626
   ],
   "T2": [
      -0.8293098328631502,
      -0.5587890488516163
   ],
   "T17": [
      -0.9672505882738824,
      0.25382336276203626
   ],
   "T10": [
      -0.12796368962740468,
      -0.9917788534431158
   ],
   "root": [
      0.0,
      0.0
   ],
   "root_1": [
      0.005,
      0.0
   ],
   "root_2": [
      0.003301583541220401,
      -0.003754936233858381
   ],
   "root_2_1": [
      0.006603167082440802,
      -0.007509872467716762
   ],
   "root_2_1_1": [
      0.009904750623661203,
      -0.011264808701575143
   ],
   "root_2_1_1_1": [
      0.013206334164881603,
      -0.015019744935433524
   ],
   "root_2_1_1_1_1": [
      0.016507917706102004,
      -0.018774681169291905
   ],
   "root_2_1_1_1_2": [
      -0.003199092240685117,
      -0.024794471336077897
   ],
   "root_2_1_1_2": [
      -0.0025592737925480935,
      -0.019835577068862315
   ],
   "root_2_1_2": [
      -0.00191945534441107,
      -0.014876682801646736
   ],
   "root_2_1_2_1": [
      -0.0025592737925480935,
      -0.019835577068862315
   ],
   "root_2_1_2_1_1": [
      -0.003199092240685117,
      -0.024794471336077897
   ],
   "root_2_1_2_1_1_1": [
      -0.00383891068882214,
      -0.02975336560329347
   ],
   "root_2_1_2_1_2": [
      -0.020732745821578757,
      -0.013969726221290408
   ],
   "root_2_1_2_1_2_1": [
      -0.024879294985894505,
      -0.01676367146554849
   ],
   "root_2_1_2_2": [
      -0.016586196657263005,
      -0.011175780977032326
   ],
   "root_2_1_2_2_1": [
      -0.020732745821578757,
      -0.013969726221290408
   ],
   "root_2_1_2_2_1_1": [
      -0.024879294985894505,
      -0.01676367146554849
   ],
   "root_2_1_2_2_1_2": [
      -0.029017517648216473,
      0.0076147008828610875
   ]
}